Date,Open,High,Low,Close,Adj Close,Volume
1/3/00,4186.189941,4192.189941,3989.709961,4131.149902,4131.149902,1510070000
1/4/00,4020,4073.25,3898.22998,3901.689941,3901.689941,1511840000
1/5/00,3854.350098,3924.209961,3734.870117,3877.540039,3877.540039,1735670000
1/6/00,3834.439941,3868.76001,3715.620117,3727.129883,3727.129883,1598320000
1/7/00,3711.090088,3882.669922,3711.090088,3882.620117,3882.620117,1634930000
1/10/00,4002.22998,4072.360107,3958.830078,4049.669922,4049.669922,1691710000
1/11/00,4031.379883,4066.659912,3904.820068,3921.189941,3921.189941,1694460000
1/12/00,3950.949951,3950.97998,3834.530029,3850.02002,3850.02002,1525900000
1/13/00,3915.139893,3957.469971,3858.219971,3957.209961,3957.209961,1476970000
1/14/00,4045.719971,4091.949951,4045.719971,4064.27002,4064.27002,1656630000
1/18/00,4059.649902,4148,4053.209961,4130.810059,4130.810059,1585230000
1/19/00,4116.27002,4164.649902,4084.72998,4151.290039,4151.290039,1652210000
1/20/00,4205.060059,4227.350098,4143.609863,4189.509766,4189.509766,1851300000
1/21/00,4236.649902,4238,4168.299805,4235.399902,4235.399902,1923680000
1/24/00,4290.379883,4303.149902,4095.310059,4096.080078,4096.080078,1989050000
1/25/00,4124.75,4167.629883,4028.51001,4167.410156,4167.410156,1743630000
1/26/00,4174.720215,4174.720215,4069.909912,4069.909912,4069.909912,1717000000
1/27/00,4120.5,4140.089844,3973.590088,4039.560059,4039.560059,1798460000
1/28/00,4010.139893,4048.310059,3856.22998,3887.070068,3887.070068,1616370000
1/31/00,3873.840088,3940.459961,3748.030029,3940.350098,3940.350098,1507630000
2/1/00,3961.070068,4053.159912,3911.840088,4051.97998,4051.97998,1398240000
2/2/00,4059.030029,4125.75,4051.439941,4073.959961,4073.959961,1527880000
2/3/00,4134.649902,4211.060059,4085.530029,4210.97998,4210.97998,1722330000
2/4/00,4242.149902,4294.839844,4229.200195,4244.140137,4244.140137,1751450000
2/7/00,4274.029785,4321.959961,4244.740234,4321.77002,4321.77002,1625540000
2/8/00,4370.009766,4428.47998,4370.009766,4427.5,4427.5,1971180000
2/9/00,4460.180176,4460.759766,4362.740234,4363.240234,4363.240234,1775590000
2/10/00,4390.160156,4485.669922,4357.689941,4485.629883,4485.629883,1813590000
2/11/00,4489.330078,4489.790039,4360.540039,4395.450195,4395.450195,1738590000
2/14/00,4434.379883,4435.959961,4355.540039,4418.549805,4418.549805,1600850000
2/15/00,4415.52002,4440.620117,4291.100098,4420.77002,4420.77002,1708930000
2/16/00,4427.189941,4477.640137,4413.660156,4427.649902,4427.649902,1782130000
2/17/00,4483.009766,4553.140137,4444.75,4548.919922,4548.919922,2008440000
2/18/00,4563.720215,4564.450195,4404.609863,4411.740234,4411.740234,1898410000
2/22/00,4432.830078,4443.939941,4291.009766,4382.120117,4382.120117,1772290000
2/23/00,4406.879883,4567.970215,4401.379883,4550.330078,4550.330078,1892800000
2/24/00,4583.890137,4620.029785,4495.200195,4617.649902,4617.649902,1944050000
2/25/00,4618.830078,4662.930176,4576.189941,4590.5,4590.5,1825500000
2/28/00,4575.069824,4626.720215,4466.419922,4577.850098,4577.850098,1798070000
2/29/00,4646.640137,4698.459961,4637.169922,4696.689941,4696.689941,2088840000
3/1/00,4732.819824,4796.899902,4732.819824,4784.080078,4784.080078,2232340000
3/2/00,4816.810059,4829.009766,4705.450195,4754.509766,4754.509766,2137080000
3/3/00,4846.009766,4914.790039,4813.819824,4914.790039,4914.790039,2136530000
3/6/00,4935.649902,4980.149902,4887.879883,4904.850098,4904.850098,2015580000
3/7/00,4991.970215,5006.779785,4829.879883,4847.839844,4847.839844,2156410000
3/8/00,4920.859863,4923.140137,4722.140137,4897.259766,4897.259766,2020130000
3/9/00,4913.080078,5047.959961,4857.569824,5046.859863,5046.859863,2006810000
3/10/00,5060.339844,5132.52002,5039.350098,5048.620117,5048.620117,1992170000
3/13/00,4879.029785,5027.72998,4839.259766,4907.240234,4907.240234,1736270000
3/14/00,4997.310059,5013.490234,4706.609863,4706.629883,4706.629883,1977820000
3/15/00,4758.439941,4758.439941,4553.919922,4582.620117,4582.620117,1937800000
3/16/00,4658.439941,4717.759766,4455.100098,4717.390137,4717.390137,2041510000
3/17/00,4702.029785,4805.939941,4702.029785,4798.129883,4798.129883,1691530000
3/20/00,4812.140137,4822.700195,4610,4610,4610,1539860000
3/21/00,4589.52002,4712.240234,4467.529785,4711.680176,4711.680176,1753310000
3/22/00,4750.540039,4900.419922,4736.899902,4864.75,4864.75,1769510000
3/23/00,4874.169922,4975.660156,4865.100098,4940.609863,4940.609863,1714160000
3/24/00,4986.540039,5078.859863,4902.830078,4963.029785,4963.029785,1688970000
3/27/00,4994.419922,5022.22998,4946.609863,4958.560059,4958.560059,1380380000
3/28/00,4939.049805,4952.930176,4833.890137,4833.890137,4833.890137,1490090000
3/29/00,4860.02002,4860.02002,4641.009766,4644.669922,4644.669922,1738270000
3/30/00,4540.439941,4683.879883,4355.689941,4457.890137,4457.890137,1925860000
3/31/00,4550.209961,4606.47998,4381.379883,4572.830078,4572.830078,2118100000
4/3/00,4494.890137,4572.839844,4193.100098,4223.680176,4223.680176,1739920000
4/4/00,4283.450195,4283.450195,3649.110107,4148.890137,4148.890137,2889100000
4/5/00,4025.899902,4286.879883,4009.090088,4169.220215,4169.220215,1947700000
4/6/00,4266.799805,4324.089844,4196.509766,4267.560059,4267.560059,1746450000
4/7/00,4354.129883,4446.450195,4323.180176,4446.450195,4446.450195,1563430000
4/10/00,4475.200195,4475.200195,4188.169922,4188.200195,4188.200195,1446140000
4/11/00,4094.610107,4182.959961,4009.52002,4055.899902,4055.899902,1679390000
4/12/00,4050.320068,4077.919922,3769.169922,3769.629883,3769.629883,1921090000
4/13/00,3839.560059,3914.679932,3676.669922,3676.780029,3676.780029,1951500000
4/14/00,3597.439941,3615.639893,3265.97998,3321.290039,3321.290039,2555780000
4/17/00,3232.939941,3539.77002,3227.040039,3539.159912,3539.159912,2482830000
4/18/00,3596.149902,3794.969971,3563.830078,3793.570068,3793.570068,2152720000
4/19/00,3832.649902,3851.560059,3698.330078,3706.409912,3706.409912,1760270000
4/20/00,3735.080078,3751.330078,3599.679932,3643.879883,3643.879883,1422730000
4/24/00,3466.689941,3496.820068,3345.25,3482.47998,3482.47998,1540710000
4/25/00,3592.72998,3711.570068,3583.919922,3711.22998,3711.22998,1622910000
4/26/00,3728.98999,3777.080078,3629.360107,3630.090088,3630.090088,1592830000
4/27/00,3519.129883,3774.110107,3513.76001,3774.030029,3774.030029,1548760000
4/28/00,3830.610107,3873.850098,3810.060059,3860.659912,3860.659912,1583710000
5/1/00,3930.179932,3982.379883,3899.709961,3958.080078,3958.080078,1500610000
5/2/00,3927.919922,3948.629883,3784.540039,3785.449951,3785.449951,1438040000
5/3/00,3755.300049,3759.209961,3592.790039,3707.310059,3707.310059,1480050000
5/4/00,3723.27002,3762.469971,3679.429932,3720.23999,3720.23999,1287850000
5/5/00,3694.280029,3818.399902,3694.280029,3816.820068,3816.820068,1197290000
5/8/00,3758.459961,3765.219971,3669.110107,3669.379883,3669.379883,1142710000
5/9/00,3704.850098,3708.73999,3540.820068,3585.01001,3585.01001,1454780000
5/10/00,3525.02002,3531.47998,3367.060059,3384.72998,3384.72998,1580110000
5/11/00,3450.060059,3502.530029,3389.870117,3499.580078,3499.580078,1370230000
5/12/00,3546.23999,3619.689941,3523.199951,3529.060059,3529.060059,1220040000
5/15/00,3533.209961,3607.77002,3445.129883,3607.649902,3607.649902,1155810000
5/16/00,3674.889893,3729.120117,3626.98999,3717.570068,3717.570068,1495270000
5/17/00,3649.540039,3690.820068,3616.27002,3644.959961,3644.959961,1227380000
5/18/00,3660.23999,3663.840088,3538.709961,3538.709961,3538.709961,1258610000
5/19/00,3480.629883,3506.179932,3381.72998,3390.399902,3390.399902,1366930000
5/22/00,3390.949951,3390.949951,3172.649902,3364.209961,3364.209961,1615480000
5/23/00,3346.659912,3389.600098,3163.969971,3164.550049,3164.550049,1330440000
5/24/00,3155.139893,3276.189941,3042.659912,3270.610107,3270.610107,2087980000
5/25/00,3308.51001,3365.840088,3194.590088,3205.350098,3205.350098,1561840000
5/26/00,3215.280029,3256.629883,3150.780029,3205.110107,3205.110107,1069440000
5/30/00,3286.540039,3460.23999,3286.540039,3459.47998,3459.47998,1457360000
5/31/00,3428.25,3501.51001,3399.620117,3400.909912,3400.909912,1533730000
6/1/00,3471.949951,3583.27002,3459.850098,3582.5,3582.5,1580240000
6/2/00,3728.949951,3814.5,3728.949951,3813.379883,3813.379883,1903210000
6/5/00,3773.23999,3875.659912,3765.600098,3821.76001,3821.76001,1455960000
6/6/00,3825.97998,3884.01001,3749.179932,3756.370117,3756.370117,1603060000
6/7/00,3766.550049,3839.370117,3725.870117,3839.26001,3839.26001,1431220000
6/8/00,3886.040039,3890.02002,3797.409912,3825.560059,3825.560059,1399250000
6/9/00,3892.75,3893.669922,3847.709961,3874.840088,3874.840088,1268720000
6/12/00,3892.050049,3892.050049,3767.879883,3767.909912,3767.909912,1281000000
6/13/00,3743.909912,3851.429932,3695.350098,3851.060059,3851.060059,1398790000
6/14/00,3875.040039,3883.340088,3797,3797.409912,3797.409912,1400300000
6/15/00,3802.189941,3849.939941,3763.73999,3845.73999,3845.73999,1426630000
6/16/00,3877.070068,3883.149902,3822.340088,3860.560059,3860.560059,1501190000
6/19/00,3818.649902,3990.790039,3818.649902,3989.830078,3989.830078,1411400000
6/20/00,4003.090088,4050.580078,3982.22998,4013.360107,4013.360107,1694520000
6/21/00,3965.370117,4073.159912,3961.300049,4064.01001,4064.01001,1541900000
6/22/00,4073.72998,4073.72998,3936.840088,3936.840088,3936.840088,1639540000
6/23/00,3950.050049,3957.679932,3830.22998,3845.340088,3845.340088,1344960000
6/26/00,3884.649902,3935.120117,3852.409912,3912.120117,3912.120117,1316960000
6/27/00,3904.399902,3945.75,3858.949951,3858.959961,3858.959961,1476020000
6/28/00,3877.77002,3974.47998,3872.169922,3940.340088,3940.340088,1660130000
6/29/00,3900.290039,3929.100098,3838.850098,3877.22998,3877.22998,1550990000
6/30/00,3889.51001,3967.48999,3889.330078,3966.110107,3966.110107,2066390000
7/3/00,3950.590088,3995.850098,3942.929932,3991.929932,3991.929932,600810000
7/5/00,3949.76001,3950.189941,3859.199951,3863.100098,3863.100098,1342600000
7/6/00,3872.909912,3961.100098,3820.340088,3960.570068,3960.570068,1482480000
7/7/00,3978.379883,4054.050049,3960.810059,4023.199951,4023.199951,1486480000
7/10/00,3993.620117,4028.540039,3976.199951,3980.290039,3980.290039,1395950000
7/11/00,3970.419922,4029.300049,3936.75,3956.419922,3956.419922,1714500000
7/12/00,4024.590088,4103.649902,4001.72998,4099.589844,4099.589844,1775980000
7/13/00,4128.810059,4193.240234,4111.160156,4174.859863,4174.859863,1881560000
7/14/00,4221.799805,4252.220215,4174.600098,4246.180176,4246.180176,1678610000
7/17/00,4243.549805,4289.060059,4215.859863,4274.669922,4274.669922,1584500000
7/18/00,4233.490234,4237.850098,4161.890137,4177.169922,4177.169922,1501970000
7/19/00,4154.370117,4159.390137,4047.429932,4055.629883,4055.629883,1445310000
7/20/00,4106.629883,4184.560059,4106.629883,4184.560059,4184.560059,1719880000
7/21/00,4154,4163.339844,4093.76001,4094.449951,4094.449951,1545940000
7/24/00,4109.649902,4125.799805,3976.51001,3981.570068,3981.570068,1460690000
7/25/00,4015.409912,4034.800049,3955.360107,4029.570068,4029.570068,1471000000
7/26/00,3998.030029,4002.699951,3906.550049,3987.719971,3987.719971,1754760000
7/27/00,3938.139893,3954.959961,3841.620117,3842.22998,3842.22998,1791100000
7/28/00,3855.100098,3867.800049,3642.280029,3663,3663,1769410000
7/31/00,3692.429932,3767.889893,3615.790039,3766.98999,3766.98999,1512580000
8/1/00,3760.949951,3766.919922,3682.449951,3685.52002,3685.52002,1341460000
8/2/00,3684.120117,3753.949951,3651.810059,3658.459961,3658.459961,1476820000
8/3/00,3554.679932,3761.070068,3521.139893,3759.879883,3759.879883,1828860000
8/4/00,3812.310059,3846.97998,3751.219971,3787.360107,3787.360107,1438850000
8/7/00,3819.379883,3870.26001,3795.610107,3862.98999,3862.98999,1319680000
8/8/00,3850.870117,3893.050049,3839.580078,3848.550049,3848.550049,1461590000
8/9/00,3915.26001,3936.459961,3849.77002,3853.5,3853.5,1517650000
8/10/00,3843.580078,3847.290039,3759.98999,3759.98999,3759.98999,1349670000
8/11/00,3741.620117,3789.97998,3686.860107,3789.469971,3789.469971,1333260000
8/14/00,3804.689941,3850.27002,3767.370117,3849.689941,3849.689941,1232060000
8/15/00,3846.830078,3888.919922,3831.959961,3851.659912,3851.659912,1353620000
8/16/00,3878.580078,3914.840088,3844.169922,3861.199951,3861.199951,1401380000
8/17/00,3858.879883,3947.050049,3857.75,3940.870117,3940.870117,1440370000
8/18/00,3958.699951,3980.26001,3925.949951,3930.340088,3930.340088,1447920000
8/21/00,3966.22998,3985.620117,3917.939941,3953.149902,3953.149902,1269330000
8/22/00,3970.159912,4011.149902,3957.850098,3958.209961,3958.209961,1413190000
8/23/00,3935.51001,4011.76001,3902.110107,4011.01001,4011.01001,1461790000
8/24/00,4020.98999,4055.439941,4004.77002,4053.280029,4053.280029,1546950000
8/25/00,4049.840088,4083.120117,4025.590088,4042.679932,4042.679932,1285820000
8/28/00,4049.179932,4097.330078,4048.01001,4070.590088,4070.590088,1373010000
8/29/00,4074.209961,4093.879883,4056.26001,4082.169922,4082.169922,1489470000
8/30/00,4076.5,4115.990234,4065.820068,4103.810059,4103.810059,1537020000
8/31/00,4127.189941,4208.72998,4127.189941,4206.350098,4206.350098,1903150000
9/1/00,4252.149902,4259.870117,4192.890137,4234.330078,4234.330078,1472940000
9/5/00,4205.939941,4206.509766,4143.180176,4143.180176,4143.180176,1668120000
9/6/00,4136.839844,4136.839844,4013.340088,4013.340088,4013.340088,1757190000
9/7/00,4047.02002,4105.540039,4035.120117,4098.350098,4098.350098,1634610000
9/8/00,4081.959961,4081.959961,3977.469971,3978.409912,3978.409912,1508550000
9/11/00,3961.159912,4008.459961,3880.689941,3896.350098,3896.350098,1483670000
9/12/00,3925.419922,3958.360107,3834.340088,3849.51001,3849.51001,1596640000
9/13/00,3794.919922,3895.810059,3794.290039,3893.889893,3893.889893,1656550000
9/14/00,3963.100098,3984.330078,3897.179932,3913.860107,3913.860107,1699480000
9/15/00,3905.090088,3905.090088,3806.879883,3835.22998,3835.22998,1777540000
9/18/00,3838.629883,3862.320068,3702.540039,3726.52002,3726.52002,1613970000
9/19/00,3766.040039,3865.850098,3740.649902,3865.639893,3865.639893,1707400000
9/20/00,3863.080078,3913.870117,3795.080078,3897.439941,3897.439941,1802040000
9/21/00,3864.600098,3892.399902,3813.120117,3828.870117,3828.870117,1616010000
9/22/00,3616.159912,3803.76001,3614.659912,3803.76001,3803.76001,2164340000
9/25/00,3852.530029,3868.110107,3737.5,3741.219971,3741.219971,1774680000
9/26/00,3762.649902,3795.790039,3677.72998,3689.100098,3689.100098,1825900000
9/27/00,3740.620117,3750.610107,3622.659912,3656.300049,3656.300049,1948200000
9/28/00,3638.939941,3778.379883,3626.550049,3778.320068,3778.320068,2001450000
9/29/00,3749.27002,3751.330078,3670.310059,3672.820068,3672.820068,2018050000
10/2/00,3714.47998,3714.47998,3559.840088,3568.899902,3568.899902,1799220000
10/3/00,3624.929932,3639.290039,3454.649902,3455.830078,3455.830078,1958840000
10/4/00,3440.600098,3532.429932,3382.530029,3523.100098,3523.100098,2129330000
10/5/00,3499.959961,3549.01001,3459.580078,3472.100098,3472.100098,1872960000
10/6/00,3477.699951,3505.810059,3314.909912,3361.01001,3361.01001,1870690000
10/9/00,3352.149902,3376.919922,3233.189941,3355.560059,3355.560059,1437770000
10/10/00,3326.889893,3383.399902,3229.01001,3240.540039,3240.540039,1874430000
10/11/00,3152.330078,3258.23999,3103.530029,3168.48999,3168.48999,2340450000
10/12/00,3241.26001,3249.110107,3071.25,3074.679932,3074.679932,2128660000
10/13/00,3054.550049,3316.969971,3054.550049,3316.77002,3316.77002,2070750000
10/16/00,3315.47998,3339.850098,3262.370117,3290.280029,3290.280029,1788600000
10/17/00,3335.399902,3348.610107,3173.679932,3213.959961,3213.959961,1936790000
10/18/00,3106.949951,3257.810059,3026.110107,3171.560059,3171.560059,2519920000
10/19/00,3330.25,3423.449951,3314.889893,3418.600098,3418.600098,2343470000
10/20/00,3402.959961,3535.110107,3401.879883,3483.139893,3483.139893,2171490000
10/23/00,3483.379883,3523.689941,3432.439941,3468.689941,3468.689941,1690110000
10/24/00,3495.449951,3526.709961,3401.050049,3419.790039,3419.790039,1880860000
10/25/00,3347.23999,3376.330078,3210.73999,3229.570068,3229.570068,2170930000
10/26/00,3245.399902,3286.290039,3081.360107,3272.179932,3272.179932,2292490000
10/27/00,3320.689941,3362.26001,3231.629883,3278.360107,3278.360107,1963390000
10/30/00,3243.879883,3279.719971,3149.23999,3191.399902,3191.399902,1741440000
10/31/00,3223.439941,3379.080078,3223.439941,3369.629883,3369.629883,2146420000
11/1/00,3316.51001,3396.719971,3289.459961,3333.389893,3333.389893,2024380000
11/2/00,3387.280029,3433.159912,3370.02002,3429.02002,3429.02002,2226920000
11/3/00,3447.320068,3468.590088,3401.77002,3451.580078,3451.580078,1846200000
11/6/00,3469.350098,3480.01001,3412.97998,3416.209961,3416.209961,1608520000
11/7/00,3399.280029,3435.129883,3360.26001,3415.790039,3415.790039,1700120000
11/8/00,3426.290039,3429.120117,3231.280029,3231.699951,3231.699951,1678000000
11/9/00,3174.899902,3230,3087.060059,3200.350098,3200.350098,1942770000
11/10/00,3122.110107,3141.350098,3028.919922,3028.98999,3028.98999,1779930000
11/13/00,2956.090088,3063.310059,2859.389893,2966.719971,2966.719971,2048330000
11/14/00,3069.810059,3145.300049,3059.879883,3138.27002,3138.27002,1785310000
11/15/00,3137.610107,3208.949951,3104.570068,3165.48999,3165.48999,1705940000
11/16/00,3121.800049,3175.629883,3031.76001,3031.879883,3031.879883,1523710000
11/17/00,3044.449951,3090.969971,2967.169922,3027.189941,3027.189941,1760850000
11/20/00,2943.110107,2949.5,2860.48999,2875.639893,2875.639893,1716290000
11/21/00,2892.030029,2921.800049,2845.169922,2871.449951,2871.449951,1749380000
11/22/00,2828.139893,2872.639893,2754.139893,2755.340088,2755.340088,1885130000
11/24/00,2823.47998,2904.459961,2820.909912,2904.379883,2904.379883,781600000
11/27/00,2979.929932,2998.75,2874.709961,2880.48999,2880.48999,1706570000
11/28/00,2873.72998,2891.399902,2734.459961,2734.97998,2734.97998,1919970000
11/29/00,2748.179932,2770.179932,2642.889893,2706.929932,2706.929932,2055720000
11/30/00,2599.040039,2641.75,2523.040039,2597.929932,2597.929932,2736270000
12/1/00,2644.090088,2749.060059,2604.27002,2645.290039,2645.290039,2221970000
12/4/00,2662.560059,2671.179932,2567.179932,2615.75,2615.75,1860480000
12/5/00,2702.719971,2889.800049,2694.409912,2889.800049,2889.800049,2474670000
12/6/00,2878.870117,2916.199951,2781.23999,2796.5,2796.5,2308280000
12/7/00,2748.290039,2794.530029,2707.959961,2752.659912,2752.659912,1756810000
12/8/00,2857.929932,2929.949951,2844.929932,2917.429932,2917.429932,2328650000
12/11/00,2936.600098,3028.75,2901.47998,3015.100098,3015.100098,2447760000
12/12/00,2994.060059,3002.530029,2930.98999,2931.77002,2931.77002,1919030000
12/13/00,2996.570068,3001.719971,2814.129883,2822.77002,2822.77002,2042250000
12/14/00,2820.47998,2847.370117,2727.26001,2728.51001,2728.51001,1770640000
12/15/00,2688.659912,2697.929932,2596.030029,2653.27002,2653.27002,2770690000
12/18/00,2698.719971,2726.199951,2597.469971,2624.52002,2624.52002,2065990000
12/19/00,2617.060059,2696.610107,2509.76001,2511.709961,2511.709961,2317200000
12/20/00,2410.959961,2432.830078,2312.51001,2332.780029,2332.780029,2855150000
12/21/00,2310.209961,2423.709961,2288.159912,2340.120117,2340.120117,2686970000
12/22/00,2397.669922,2517.929932,2397.669922,2517.02002,2517.02002,2235410000
12/26/00,2518.290039,2548.75,2436.189941,2493.52002,2493.52002,1558700000
12/27/00,2471.330078,2539.52002,2450.219971,2539.350098,2539.350098,2002650000
12/28/00,2517.899902,2571.52002,2514.560059,2557.76001,2557.76001,2192130000
12/29/00,2552.679932,2577.02002,2456.540039,2470.52002,2470.52002,2531760000
1/2/01,2474.159912,2474.159912,2273.070068,2291.860107,2291.860107,1918930000
1/3/01,2254.560059,2618.030029,2251.709961,2616.689941,2616.689941,3188000000
1/4/01,2593.959961,2644.800049,2549.830078,2566.830078,2566.830078,2610680000
1/5/01,2573.110107,2574.620117,2395.389893,2407.649902,2407.649902,2104670000
1/8/01,2388.719971,2397.060059,2299.649902,2395.919922,2395.919922,1850590000
1/9/01,2424.689941,2474.159912,2406.080078,2441.300049,2441.300049,1975130000
1/10/01,2392.709961,2525.280029,2376.48999,2524.179932,2524.179932,2470350000
1/11/01,2495.590088,2661.929932,2495.01001,2640.570068,2640.570068,2842640000
1/12/01,2639.560059,2699.870117,2589.629883,2626.5,2626.5,2518850000
1/16/01,2631.48999,2638.219971,2576.949951,2618.550049,2618.550049,2073940000
1/17/01,2710.530029,2756.629883,2668.47998,2682.780029,2682.780029,2819190000
1/18/01,2696.73999,2769.97998,2661.26001,2768.48999,2768.48999,2558710000
1/19/01,2838.360107,2841.25,2752.060059,2770.379883,2770.379883,2697190000
1/22/01,2759.100098,2789.629883,2722.959961,2757.909912,2757.909912,2037140000
1/23/01,2759.26001,2845.389893,2736.280029,2840.389893,2840.389893,2278470000
1/24/01,2850.73999,2892.360107,2828.320068,2859.149902,2859.149902,2567320000
1/25/01,2836.350098,2849.560059,2753.370117,2754.280029,2754.280029,2298150000
1/26/01,2705.389893,2785.620117,2686.649902,2781.300049,2781.300049,2268800000
1/29/01,2757.290039,2840.02002,2742.5,2838.340088,2838.340088,1970130000
1/30/01,2845.01001,2861.709961,2817.129883,2838.350098,2838.350098,2073590000
1/31/01,2848.110107,2872.469971,2772.350098,2772.72998,2772.72998,2277310000
2/1/01,2771.570068,2796.889893,2742.439941,2782.790039,2782.790039,1776260000
2/2/01,2782.929932,2791.580078,2660.110107,2660.5,2660.5,1706900000
2/5/01,2639.649902,2656.02002,2596.72998,2643.209961,2643.209961,1648760000
2/6/01,2641.909912,2705.590088,2640.22998,2664.48999,2664.48999,1788920000
2/7/01,2615.939941,2636.070068,2554.76001,2607.820068,2607.820068,2056920000
2/8/01,2625.780029,2651.840088,2562.02002,2562.060059,2562.060059,1852360000
2/9/01,2542.23999,2542.620117,2455.870117,2470.969971,2470.969971,1881910000
2/12/01,2458.649902,2508.27002,2435.360107,2489.659912,2489.659912,1751220000
2/13/01,2510.840088,2554.649902,2427.469971,2427.719971,2427.719971,1728550000
2/14/01,2437.679932,2493.110107,2388.399902,2491.399902,2491.399902,1987350000
2/15/01,2536.629883,2593.090088,2536.629883,2552.909912,2552.909912,2106930000
2/16/01,2444.600098,2457.649902,2397.429932,2425.379883,2425.379883,1892200000
2/20/01,2439.570068,2442.98999,2317.77002,2318.350098,2318.350098,1878340000
2/21/01,2281.790039,2353.51001,2257.149902,2268.939941,2268.939941,2019740000
2/22/01,2272.129883,2291.689941,2185.909912,2244.959961,2244.959961,2483470000
2/23/01,2221.27002,2264.679932,2156.290039,2262.51001,2262.51001,2237910000
2/26/01,2287.879883,2309.72998,2238.639893,2308.5,2308.5,1739060000
2/27/01,2286.639893,2300.179932,2206.719971,2207.820068,2207.820068,1808540000
2/28/01,2223.879883,2238.060059,2127.5,2151.830078,2151.830078,2082700000
3/1/01,2126.300049,2184.409912,2071.030029,2183.370117,2183.370117,2256880000
3/2/01,2111.22998,2197.850098,2091.550049,2117.629883,2117.629883,2374100000
3/5/01,2142.75,2163.090088,2127.959961,2142.919922,2142.919922,1495750000
3/6/01,2204.300049,2243.780029,2202.699951,2204.429932,2204.429932,1986380000
3/7/01,2241.22998,2243.75,2201.409912,2223.919922,2223.919922,1774410000
3/8/01,2211.300049,2219.870117,2161.409912,2168.72998,2168.72998,1759140000
3/9/01,2124.110107,2124.110107,2041.780029,2052.780029,2052.780029,1962120000
3/12/01,2001.680054,2004.089966,1922.780029,1923.380005,1923.380005,2149820000
3/13/01,1948.699951,2015.349976,1932.630005,2014.780029,2014.780029,2096420000
3/14/01,1948.560059,2028.530029,1933.400024,1972.089966,1972.089966,2147220000
3/15/01,2023.790039,2030.72998,1939.380005,1940.709961,1940.709961,1963770000
3/16/01,1914.579956,1940.709961,1877.689941,1890.910034,1890.910034,2102270000
3/19/01,1901.449951,1953.079956,1867.579956,1951.180054,1951.180054,1774570000
3/20/01,1964.449951,1974.140015,1857.410034,1857.439941,1857.439941,2016500000
3/21/01,1862.73999,1896.209961,1820.75,1830.22998,1830.22998,2109190000
3/22/01,1845.339966,1898.099976,1794.209961,1897.699951,1897.699951,2504770000
3/23/01,1938.910034,1952.920044,1891.98999,1928.680054,1928.680054,2284560000
3/26/01,1957.709961,1960.680054,1909.420044,1918.48999,1918.48999,1719620000
3/27/01,1922.699951,1979.75,1907.160034,1972.22998,1972.22998,1951410000
3/28/01,1925.300049,1925.300049,1852.959961,1854.130005,1854.130005,2072260000
3/29/01,1838.439941,1876.73999,1802.76001,1820.569946,1820.569946,2079050000
3/30/01,1830.420044,1855.579956,1794.300049,1840.26001,1840.26001,2139050000
4/2/01,1835.219971,1852.48999,1769.660034,1782.969971,1782.969971,1848350000
4/3/01,1758.180054,1759.01001,1660.920044,1673,1673,2573410000
4/4/01,1668.369995,1698.209961,1619.579956,1638.800049,1638.800049,2465470000
4/5/01,1709.910034,1785.72998,1706.099976,1785,1785,2333000000
4/6/01,1756.109985,1756.109985,1700.199951,1720.359985,1720.359985,1835720000
4/9/01,1739.660034,1757.380005,1710.76001,1745.709961,1745.709961,1448830000
4/10/01,1771.680054,1868.099976,1771.680054,1852.030029,1852.030029,2203460000
4/11/01,1929.930054,1948.079956,1884.949951,1898.949951,1898.949951,2372010000
4/12/01,1881.189941,1961.569946,1868.76001,1961.430054,1961.430054,1902800000
4/16/01,1934.699951,1946.920044,1891.880005,1909.569946,1909.569946,1571910000
4/17/01,1872.349976,1941.569946,1869.339966,1923.219971,1923.219971,1900580000
4/18/01,2005.060059,2129.310059,1995.910034,2079.439941,2079.439941,3195650000
4/19/01,2100.879883,2182.139893,2082.23999,2182.139893,2182.139893,2788870000
4/20/01,2171.899902,2202.860107,2135.320068,2163.409912,2163.409912,2544420000
4/23/01,2118.360107,2118.77002,2046.839966,2059.320068,2059.320068,1845630000
4/24/01,2055.320068,2095.889893,2012.369995,2016.609985,2016.609985,1983330000
4/25/01,2013.420044,2066.969971,2000.829956,2059.800049,2059.800049,1978940000
4/26/01,2086.040039,2095.830078,2032.380005,2034.880005,2034.880005,2028800000
4/27/01,2070.23999,2082.639893,2046.709961,2075.679932,2075.679932,1801600000
4/30/01,2113.110107,2159.080078,2097.580078,2116.23999,2116.23999,2027180000
5/1/01,2116.23999,2168.419922,2088.610107,2168.23999,2168.23999,1922520000
5/2/01,2205.25,2232.659912,2175.129883,2220.600098,2220.600098,2584140000
5/3/01,2183.070068,2183.070068,2129.070068,2146.199951,2146.199951,2010880000
5/4/01,2102.610107,2191.929932,2089.22998,2191.530029,2191.530029,2057110000
5/7/01,2194.040039,2215.370117,2166.51001,2173.570068,2173.570068,1749600000
5/8/01,2209.01001,2210.449951,2165.370117,2198.77002,2198.77002,1892280000
5/9/01,2162.300049,2189.030029,2141.429932,2156.629883,2156.629883,1793520000
5/10/01,2195.52002,2197.030029,2128.689941,2128.860107,2128.860107,1741690000
5/11/01,2130.73999,2140.370117,2097.360107,2107.429932,2107.429932,1430930000
5/14/01,2105.360107,2105.379883,2052.409912,2081.919922,2081.919922,1338540000
5/15/01,2086.97998,2125.320068,2077.5,2085.580078,2085.580078,1710620000
5/16/01,2067.600098,2171.219971,2057.98999,2166.439941,2166.439941,2078580000
5/17/01,2170.01001,2216.360107,2167.719971,2193.679932,2193.679932,2154310000
5/18/01,2182.560059,2205.649902,2172.47998,2198.879883,2198.879883,1792620000
5/21/01,2201.449951,2305.72998,2198.139893,2305.590088,2305.590088,2311480000
5/22/01,2319.179932,2328.050049,2291.909912,2313.850098,2313.850098,2314800000
5/23/01,2299.75,2299.75,2243.459961,2243.47998,2243.47998,1886790000
5/24/01,2250.040039,2282.189941,2226.26001,2282.02002,2282.02002,1864570000
5/25/01,2281.179932,2282.429932,2242.860107,2251.030029,2251.030029,1385410000
5/29/01,2239.919922,2239.919922,2170.580078,2175.540039,2175.540039,1621060000
5/30/01,2136.949951,2137.669922,2077.97998,2084.5,2084.5,1991230000
5/31/01,2092.530029,2140.070068,2092.47998,2110.48999,2110.48999,1833070000
6/1/01,2131.120117,2157.800049,2101.26001,2149.439941,2149.439941,1555300000
6/4/01,2164.699951,2174.159912,2136.629883,2155.929932,2155.929932,1320350000
6/5/01,2167.310059,2244.22998,2167.23999,2233.659912,2233.659912,1845100000
6/6/01,2239.860107,2249.719971,2204.879883,2217.72998,2217.72998,1771940000
6/7/01,2208.030029,2264.580078,2205.850098,2264,2264,1660520000
6/8/01,2263.75,2263.75,2202.27002,2215.100098,2215.100098,1437730000
6/11/01,2205.409912,2205.409912,2150.75,2170.780029,2170.780029,1418630000
6/12/01,2133.560059,2184.199951,2105.26001,2169.949951,2169.949951,1713560000
6/13/01,2175.620117,2187.159912,2121.379883,2121.659912,2121.659912,1546790000
6/14/01,2100.73999,2101.050049,2043.359985,2044.069946,2044.069946,1763760000
6/15/01,2017.800049,2048.320068,1992.390015,2028.430054,2028.430054,2109340000
6/18/01,2035.339966,2046.630005,1987.170044,1988.630005,1988.630005,1567770000
6/19/01,2046.040039,2057.189941,1978.25,1992.660034,1992.660034,1980650000
6/20/01,1974.109985,2032.670044,1973.699951,2031.23999,2031.23999,2110760000
6/21/01,2026.300049,2077.429932,2014.329956,2058.76001,2058.76001,2180500000
6/22/01,2062,2074.830078,2028.069946,2034.839966,2034.839966,1714580000
6/25/01,2054.340088,2060.060059,2026.400024,2050.870117,2050.870117,1481730000
6/26/01,2022.859985,2068.149902,2017.339966,2064.620117,2064.620117,1657380000
6/27/01,2068.290039,2084.399902,2048.879883,2074.73999,2074.73999,1716400000
6/28/01,2096.879883,2157.320068,2096.879883,2125.459961,2125.459961,1952960000
6/29/01,2129.889893,2180.110107,2118.110107,2160.540039,2160.540039,2071630000
7/2/01,2156.76001,2181.050049,2140.649902,2148.719971,2148.719971,1513420000
7/3/01,2137.100098,2148.179932,2123.75,2140.800049,2140.800049,868430000
7/5/01,2122.889893,2130.959961,2079.830078,2080.110107,2080.110107,1290680000
7/6/01,2060.72998,2060.72998,2001.819946,2004.160034,2004.160034,1441420000
7/9/01,2010.969971,2038.170044,2000.079956,2026.709961,2026.709961,1399630000
7/10/01,2043.609985,2045.119995,1960.150024,1962.790039,1962.790039,1663970000
7/11/01,1954.719971,1975.790039,1934.670044,1972.040039,1972.040039,1770290000
7/12/01,2033.219971,2080.129883,2031.839966,2075.73999,2075.73999,1888690000
7/13/01,2068.219971,2105.149902,2055.560059,2084.790039,2084.790039,1561760000
7/16/01,2078.530029,2091.679932,2025.410034,2029.119995,2029.119995,1489350000
7/17/01,2017.469971,2067.439941,2006.800049,2067.320068,2067.320068,1695690000
7/18/01,2035.089966,2056.060059,2003.949951,2016.170044,2016.170044,1738120000
7/19/01,2042.319946,2079.330078,2027.109985,2046.589966,2046.589966,1906220000
7/20/01,2015.22998,2035.52002,2009.560059,2029.369995,2029.369995,1642120000
7/23/01,2043.839966,2047.849976,1987.51001,1988.560059,1988.560059,1356540000
7/24/01,1980.369995,1994.030029,1939.280029,1959.23999,1959.23999,1601500000
7/25/01,1962.680054,1984.97998,1942.579956,1984.319946,1984.319946,1675490000
7/26/01,1980.030029,2025.880005,1963.209961,2022.959961,2022.959961,1765390000
7/27/01,2020.579956,2039.150024,2009.939941,2029.069946,2029.069946,1583800000
7/30/01,2034.109985,2039.01001,2009.939941,2017.839966,2017.839966,1338230000
7/31/01,2023.969971,2057.100098,2014.060059,2027.130005,2027.130005,1621790000
8/1/01,2051.560059,2078.360107,2045.130005,2068.379883,2068.379883,1784220000
8/2/01,2092.52002,2103.159912,2061.75,2087.379883,2087.379883,1675930000
8/3/01,2079.149902,2079.149902,2047.619995,2066.330078,2066.330078,1245120000
8/6/01,2047.859985,2053.600098,2032.51001,2034.26001,2034.26001,1106550000
8/7/01,2026.839966,2043.47998,2013.75,2027.790039,2027.790039,1318020000
8/8/01,2015.75,2038.640015,1958.670044,1966.359985,1966.359985,1661690000
8/9/01,1962.47998,1971.609985,1941.23999,1963.319946,1963.319946,1457150000
8/10/01,1957.339966,1967.030029,1915.98999,1956.469971,1956.469971,1372690000
8/13/01,1963.040039,1986.329956,1951.459961,1982.25,1982.25,1147040000
8/14/01,1990.829956,1998.589966,1961.530029,1964.530029,1964.530029,1231860000
8/15/01,1964.199951,1975.180054,1918.73999,1918.890015,1918.890015,1463930000
8/16/01,1899.900024,1930.459961,1879.069946,1930.319946,1930.319946,1613790000
8/17/01,1895.420044,1903.72998,1862.76001,1867.01001,1867.01001,1301510000
8/20/01,1866.290039,1881.619995,1854.959961,1881.349976,1881.349976,1165790000
8/21/01,1883.439941,1893.390015,1831.280029,1831.300049,1831.300049,1325960000
8/22/01,1851.75,1860.02002,1817.699951,1860.01001,1860.01001,1550540000
8/23/01,1857.52002,1883.47998,1842.51001,1842.969971,1842.969971,1456290000
8/24/01,1863.319946,1916.829956,1857.72998,1916.800049,1916.800049,1495650000
8/27/01,1912.699951,1933.939941,1897.630005,1912.410034,1912.410034,1195290000
8/28/01,1912.670044,1916.280029,1864.719971,1864.97998,1864.97998,1433940000
8/29/01,1875.439941,1879.76001,1833.650024,1843.170044,1843.170044,1466700000
8/30/01,1817.189941,1833.290039,1777.109985,1791.680054,1791.680054,1734810000
8/31/01,1784.26001,1817.719971,1782.099976,1805.430054,1805.430054,1232880000
9/4/01,1802.290039,1836.189941,1770.76001,1770.780029,1770.780029,1536580000
9/5/01,1771.75,1782.5,1715.859985,1759.01001,1759.01001,1950580000
9/6/01,1736.199951,1753.829956,1702.920044,1705.640015,1705.640015,1887800000
9/7/01,1694.02002,1724.569946,1676.420044,1687.699951,1687.699951,1712760000
9/10/01,1673.780029,1702.119995,1669.939941,1695.380005,1695.380005,1612970000
9/17/01,1613.829956,1629.099976,1579.280029,1579.550049,1579.550049,2254620000
9/18/01,1591.77002,1605.060059,1548.849976,1555.079956,1555.079956,1864980000
9/19/01,1560.52002,1568.219971,1451.310059,1527.800049,1527.800049,2464030000
9/20/01,1494.939941,1513.23999,1467.099976,1470.930054,1470.930054,2804660000
9/21/01,1395.790039,1454.040039,1387.060059,1423.189941,1423.189941,2588150000
9/24/01,1459.469971,1507.51001,1459.469971,1499.400024,1499.400024,2052290000
9/25/01,1505.52002,1528.329956,1480.689941,1501.640015,1501.640015,2181960000
9/26/01,1514.76001,1516.119995,1458.339966,1464.040039,1464.040039,1760620000
9/27/01,1456.800049,1465.699951,1418.150024,1460.709961,1460.709961,2043090000
9/28/01,1472.560059,1499.579956,1466.780029,1498.800049,1498.800049,2114360000
10/1/01,1491.449951,1491.449951,1458.410034,1480.459961,1480.459961,1505140000
10/2/01,1479.01001,1504.23999,1473.130005,1492.329956,1492.329956,1784730000
10/3/01,1479.27002,1595.47998,1473.219971,1580.810059,1580.810059,2713300000
10/4/01,1602.599976,1641.560059,1581.079956,1597.310059,1597.310059,2558580000
10/5/01,1586.400024,1608.76001,1548.810059,1605.300049,1605.300049,1836380000
10/8/01,1582.930054,1621.109985,1574.650024,1605.949951,1605.949951,1417520000
10/9/01,1604.109985,1607.199951,1565.969971,1570.189941,1570.189941,1527430000
10/10/01,1563.959961,1626.98999,1558.810059,1626.26001,1626.26001,1857510000
10/11/01,1649.550049,1701.47998,1649.550049,1701.469971,1701.469971,2532940000
10/12/01,1690.209961,1707.430054,1651.23999,1703.400024,1703.400024,2185970000
10/15/01,1684.040039,1698.23999,1663.780029,1696.310059,1696.310059,1586210000
10/16/01,1704.75,1722.849976,1690.540039,1722.069946,1722.069946,1843310000
10/17/01,1752.939941,1754.01001,1646.339966,1646.339966,1646.339966,2292410000
10/18/01,1648.689941,1668,1634.719971,1652.719971,1652.719971,1793870000
10/19/01,1644.48999,1675.199951,1628.23999,1671.310059,1671.310059,1591110000
10/22/01,1666.079956,1708.089966,1660.219971,1708.079956,1708.079956,1530830000
10/23/01,1720.540039,1739.469971,1695.219971,1704.439941,1704.439941,1839490000
10/24/01,1707.52002,1736.170044,1697.689941,1731.540039,1731.540039,1895000000
10/25/01,1708.48999,1775.51001,1683.609985,1775.469971,1775.469971,2259620000
10/26/01,1763.780029,1792.869995,1763,1768.959961,1768.959961,1999200000
10/29/01,1763.420044,1767.969971,1699.400024,1699.52002,1699.52002,1659170000
10/30/01,1682.300049,1686.680054,1646.300049,1667.410034,1667.410034,1778560000
10/31/01,1690.119995,1721.689941,1677.709961,1690.199951,1690.199951,1897610000
11/1/01,1705.52002,1746.650024,1683.98999,1746.300049,1746.300049,1784910000
11/2/01,1741.369995,1759.650024,1726.609985,1745.72998,1745.72998,1643860000
11/5/01,1768.290039,1801.550049,1768.290039,1793.650024,1793.650024,1734250000
11/6/01,1786.920044,1835.48999,1777.910034,1835.079956,1835.079956,1945510000
11/7/01,1821.040039,1868.310059,1820.280029,1837.530029,1837.530029,2065810000
11/8/01,1855.680054,1888.390015,1816.560059,1827.77002,1827.77002,2300720000
11/9/01,1824.72998,1838.380005,1809.290039,1828.47998,1828.47998,1524360000
11/12/01,1826.25,1848,1782.47998,1840.130005,1840.130005,1594470000
11/13/01,1871.469971,1893.920044,1867.27002,1892.109985,1892.109985,2189000000
11/14/01,1910.449951,1922.449951,1875.27002,1903.189941,1903.189941,2175590000
11/15/01,1891.359985,1922.119995,1882.839966,1900.569946,1900.569946,2025550000
11/16/01,1903.47998,1908.209961,1882.530029,1898.579956,1898.579956,1714140000
11/19/01,1912.47998,1934.699951,1905.359985,1934.420044,1934.420044,1924900000
11/20/01,1926.469971,1930.209961,1877.790039,1880.51001,1880.51001,1988580000
11/21/01,1873.599976,1884.48999,1853.670044,1875.050049,1875.050049,1577590000
11/23/01,1878.910034,1905.579956,1873.640015,1903.199951,1903.199951,569820000
11/26/01,1914.530029,1941.310059,1906.890015,1941.22998,1941.22998,1734130000
11/27/01,1931.589966,1965.089966,1902.890015,1935.969971,1935.969971,2137420000
11/28/01,1921.599976,1941.790039,1887.969971,1887.969971,1887.969971,1905150000
11/29/01,1898.630005,1933.459961,1889.290039,1933.26001,1933.26001,1957120000
11/30/01,1929.290039,1941.939941,1916.72998,1930.579956,1930.579956,1831850000
12/3/01,1915.130005,1925.349976,1898.97998,1904.900024,1904.900024,1496760000
12/4/01,1917.660034,1963.219971,1913.920044,1963.099976,1963.099976,1908630000
12/5/01,1980.300049,2056.810059,1980.300049,2046.839966,2046.839966,2777500000
12/6/01,2045.219971,2065.689941,2037.640015,2054.27002,2054.27002,2212470000
12/7/01,2043.680054,2046.98999,2002.339966,2021.26001,2021.26001,1916720000
12/10/01,2007.670044,2036.540039,1989.680054,1992.119995,1992.119995,1679480000
12/11/01,2009.930054,2032.630005,1995.089966,2001.930054,2001.930054,1965200000
12/12/01,2007.47998,2022.76001,1975.650024,2011.380005,2011.380005,1895290000
12/13/01,1979.839966,1985.790039,1945.290039,1946.51001,1946.51001,2095820000
12/14/01,1945.180054,1965.73999,1934.599976,1953.170044,1953.170044,1900020000
12/17/01,1950.939941,1994.47998,1950.939941,1987.449951,1987.449951,1840920000
12/18/01,1998.359985,2010.910034,1989.810059,2004.76001,2004.76001,1852020000
12/19/01,1981.650024,2007.76001,1971.069946,1982.890015,1982.890015,1919850000
12/20/01,1969,1972.319946,1918.5,1918.540039,1918.540039,2043110000
12/21/01,1941.550049,1954.469971,1931.869995,1945.829956,1945.829956,2359670000
12/24/01,1946.839966,1953.900024,1942.069946,1944.47998,1944.47998,564380000
12/26/01,1948.77002,1983.839966,1948.77002,1960.699951,1960.699951,1127350000
12/27/01,1967.319946,1982.72998,1962.119995,1976.420044,1976.420044,1241060000
12/28/01,1985.709961,2002.719971,1982.369995,1987.26001,1987.26001,1328290000
12/31/01,1984.310059,1989.170044,1950.400024,1950.400024,1950.400024,1414840000
1/2/02,1965.180054,1979.26001,1936.560059,1979.25,1979.25,1517670000
1/3/02,1987.060059,2044.560059,1987.060059,2044.27002,2044.27002,2209630000
1/4/02,2061.830078,2077.889893,2033.560059,2059.379883,2059.379883,2205610000
1/7/02,2075.23999,2081.090088,2036.859985,2037.099976,2037.099976,2121110000
1/8/02,2039.420044,2060.22998,2027.339966,2055.73999,2055.73999,1873670000
1/9/02,2074.320068,2098.879883,2034.089966,2044.890015,2044.890015,2321450000
1/10/02,2045.130005,2055.889893,2026.050049,2047.23999,2047.23999,1761640000
1/11/02,2049.5,2058.77002,2018.680054,2022.459961,2022.459961,1625530000
1/14/02,2012.589966,2018.420044,1979.939941,1990.73999,1990.73999,1801650000
1/15/02,1994.880005,2011.25,1977.280029,2000.910034,2000.910034,1675150000
1/16/02,1976.420044,1981.810059,1944.319946,1944.439941,1944.439941,1917270000
1/17/02,1968.699951,1985.829956,1954.060059,1985.819946,1985.819946,1893110000
1/18/02,1943.560059,1964.73999,1922.699951,1930.339966,1930.339966,1693010000
1/22/02,1946.869995,1947.410034,1882.140015,1882.530029,1882.530029,1817220000
1/23/02,1889.530029,1925.150024,1879.23999,1922.380005,1922.380005,1871120000
1/24/02,1937.670044,1959.930054,1936.339966,1942.579956,1942.579956,1907870000
1/25/02,1929.150024,1951.790039,1923.060059,1937.699951,1937.699951,1655310000
1/28/02,1951.119995,1958.959961,1925.430054,1943.910034,1943.910034,1482080000
1/29/02,1947.089966,1959.050049,1883.48999,1892.98999,1892.98999,1875380000
1/30/02,1897.72998,1913.660034,1851.48999,1913.439941,1913.439941,2066970000
1/31/02,1924.560059,1935.170044,1906.900024,1934.030029,1934.030029,1803530000
2/1/02,1928.829956,1942.150024,1901.209961,1911.23999,1911.23999,1710000000
2/4/02,1907.579956,1907.579956,1849.130005,1855.530029,1855.530029,1779030000
2/5/02,1844.619995,1867.939941,1828.670044,1838.52002,1838.52002,2106870000
2/6/02,1853.130005,1853.130005,1805.01001,1812.709961,1812.709961,2105480000
2/7/02,1809.430054,1824.069946,1781.72998,1782.109985,1782.109985,1998300000
2/8/02,1794.050049,1818.880005,1772.150024,1818.880005,1818.880005,1794710000
2/11/02,1816.939941,1846.930054,1815.380005,1846.660034,1846.660034,1564830000
2/12/02,1829.530029,1852.219971,1817.130005,1834.209961,1834.209961,1621680000
2/13/02,1844.790039,1862.420044,1844.119995,1859.160034,1859.160034,1600740000
2/14/02,1863.469971,1877.73999,1840.780029,1843.369995,1843.369995,1679410000
2/15/02,1844.890015,1847.069946,1801.670044,1805.199951,1805.199951,1624720000
2/19/02,1790.939941,1791.01001,1745.050049,1750.609985,1750.609985,1749170000
2/20/02,1762.430054,1777.180054,1729.199951,1775.569946,1775.569946,1918210000
2/21/02,1763.819946,1769.369995,1716.23999,1716.23999,1716.23999,1833750000
2/22/02,1718.699951,1736.47998,1696.550049,1724.540039,1724.540039,1839340000
2/25/02,1731.430054,1776.609985,1730.910034,1769.880005,1769.880005,1666850000
2/26/02,1777.540039,1788.75,1750.359985,1766.859985,1766.859985,1670530000
2/27/02,1783.290039,1793.72998,1741.47998,1751.880005,1751.880005,1823440000
2/28/02,1759.329956,1773.199951,1728.650024,1731.48999,1731.48999,1935630000
3/1/02,1745.48999,1802.890015,1742.079956,1802.73999,1802.73999,1902520000
3/4/02,1799.680054,1859.719971,1789.719971,1859.319946,1859.319946,2297630000
3/5/02,1854.709961,1886.150024,1849.75,1866.290039,1866.290039,2074650000
3/6/02,1859.280029,1891.829956,1841.310059,1890.400024,1890.400024,1907080000
3/7/02,1903.23999,1910.699951,1865.060059,1881.630005,1881.630005,1898190000
3/8/02,1908.089966,1935.089966,1908.089966,1929.670044,1929.670044,2059420000
3/11/02,1919.72998,1946.22998,1905.930054,1929.48999,1929.48999,1763950000
3/12/02,1888.680054,1899.01001,1879.420044,1897.119995,1897.119995,1750150000
3/13/02,1879.969971,1886.27002,1858.449951,1862.030029,1862.030029,1664240000
3/14/02,1863.099976,1873.01001,1851.380005,1854.140015,1854.140015,1492130000
3/15/02,1854.339966,1871.390015,1845.930054,1868.300049,1868.300049,1698800000
3/18/02,1882.72998,1893.26001,1861.109985,1877.060059,1877.060059,1547190000
3/19/02,1881.130005,1891.51001,1873.170044,1880.869995,1880.869995,1521620000
3/20/02,1860.280029,1861.790039,1832.869995,1832.869995,1832.869995,1554640000
3/21/02,1835.209961,1870.160034,1825.98999,1868.829956,1868.829956,1601590000
3/22/02,1865.180054,1873.319946,1848.150024,1851.390015,1851.390015,1504960000
3/25/02,1855.650024,1863.050049,1812.420044,1812.48999,1812.48999,1429310000
3/26/02,1808.869995,1843.959961,1807.469971,1824.170044,1824.170044,1662170000
3/27/02,1817.219971,1832.01001,1811.640015,1826.75,1826.75,1624230000
3/28/02,1836.25,1852.849976,1833.329956,1845.349976,1845.349976,1664900000
4/1/02,1834.589966,1865.369995,1817.25,1862.619995,1862.619995,1554790000
4/2/02,1836.030029,1839.369995,1804.400024,1804.400024,1804.400024,1701240000
4/3/02,1809.589966,1813.359985,1770.609985,1784.349976,1784.349976,1704190000
4/4/02,1776.530029,1800.829956,1770.160034,1789.75,1789.75,1731670000
4/5/02,1796.920044,1803.209961,1769.949951,1770.030029,1770.030029,1508100000
4/8/02,1741.099976,1786.400024,1733.839966,1785.869995,1785.869995,1599200000
4/9/02,1789.140015,1795.619995,1742.400024,1742.569946,1742.569946,1662760000
4/10/02,1751.569946,1772,1733.689941,1767.069946,1767.069946,1965420000
4/11/02,1757.01001,1762.280029,1724.150024,1725.23999,1725.23999,1707140000
4/12/02,1738.959961,1756.329956,1728.52002,1756.189941,1756.189941,1532480000
4/15/02,1761.949951,1769.040039,1740.609985,1753.780029,1753.780029,1327230000
4/16/02,1779.290039,1816.910034,1779.290039,1816.790039,1816.790039,1791490000
4/17/02,1829.579956,1832.01001,1804.650024,1810.670044,1810.670044,1931060000
4/18/02,1806.280029,1818.790039,1778.099976,1802.430054,1802.430054,1866140000
4/19/02,1816.349976,1816.619995,1795.27002,1796.829956,1796.829956,1681640000
4/22/02,1779.180054,1779.180054,1747.650024,1758.680054,1758.680054,1703120000
4/23/02,1757.920044,1762.939941,1723.930054,1730.290039,1730.290039,1957900000
4/24/02,1739.130005,1746.52002,1711.109985,1713.339966,1713.339966,1923230000
4/25/02,1705.800049,1724.01001,1697.27002,1713.699951,1713.699951,1971760000
4/26/02,1722.829956,1728.52002,1663.780029,1663.890015,1663.890015,1893790000
4/29/02,1668.52002,1678.560059,1640.969971,1656.930054,1656.930054,1842550000
4/30/02,1655.02002,1697.030029,1652.930054,1688.22998,1688.22998,2091610000
5/1/02,1683.76001,1687.560059,1643.23999,1677.530029,1677.530029,2189110000
5/2/02,1673.719971,1695.069946,1640.800049,1644.819946,1644.819946,2060340000
5/3/02,1643.170044,1643.869995,1605.969971,1613.030029,1613.030029,1990950000
5/6/02,1611.050049,1622.829956,1577.930054,1578.47998,1578.47998,1776080000
5/7/02,1589.579956,1594.569946,1560.290039,1573.819946,1573.819946,2139130000
5/8/02,1625.72998,1696.349976,1625.72998,1696.290039,1696.290039,2403240000
5/9/02,1684.439941,1692.579956,1650.459961,1650.48999,1650.48999,1788460000
5/10/02,1657.180054,1657.449951,1599.640015,1600.849976,1600.849976,1839130000
5/13/02,1611.26001,1653.099976,1602.599976,1652.540039,1652.540039,1648780000
5/14/02,1694.150024,1722.660034,1691.420044,1719.050049,1719.050049,2603120000
5/15/02,1705.449951,1759.329956,1694.339966,1725.560059,1725.560059,2266100000
5/16/02,1723.689941,1734.709961,1713.810059,1730.439941,1730.439941,1644660000
5/17/02,1745.170044,1754.219971,1723.060059,1741.390015,1741.390015,1648910000
5/20/02,1726.780029,1726.890015,1696.109985,1701.589966,1701.589966,1429300000
5/21/02,1708.569946,1717.930054,1660.219971,1664.180054,1664.180054,1660880000
5/22/02,1654.339966,1676.640015,1643.959961,1673.449951,1673.449951,1734730000
5/23/02,1678.420044,1697.77002,1651.890015,1697.630005,1697.630005,1762570000
5/24/02,1680.660034,1681.099976,1658.780029,1661.48999,1661.48999,1210890000
5/28/02,1670.349976,1671.349976,1632.75,1652.170044,1652.170044,1319250000
5/29/02,1639.27002,1644.290039,1624.310059,1624.390015,1624.390015,1418900000
5/30/02,1613.420044,1637.650024,1607.300049,1631.920044,1631.920044,1585850000
5/31/02,1641.099976,1651.469971,1615.619995,1615.72998,1615.72998,1682430000
6/3/02,1613.5,1621.5,1561.170044,1562.560059,1562.560059,1623120000
6/4/02,1559.25,1587.790039,1548.310059,1578.119995,1578.119995,1881400000
6/5/02,1580.060059,1595.420044,1563.550049,1595.26001,1595.26001,1632920000
6/6/02,1583.650024,1584.060059,1550.719971,1554.880005,1554.880005,1630260000
6/7/02,1500.150024,1549.170044,1495.810059,1535.47998,1535.47998,2111740000
6/10/02,1536.97998,1551.800049,1526.959961,1530.689941,1530.689941,1518260000
6/11/02,1542.160034,1547.5,1496.660034,1497.180054,1497.180054,1697040000
6/12/02,1491.359985,1519.160034,1474.560059,1519.119995,1519.119995,2057320000
6/13/02,1512.22998,1526.410034,1495.640015,1496.880005,1496.880005,1566910000
6/14/02,1471.969971,1507.01001,1445.439941,1504.73999,1504.73999,1827730000
6/17/02,1519.650024,1555.069946,1519.26001,1553.290039,1553.290039,1591840000
6/18/02,1544.189941,1567.98999,1542.77002,1542.959961,1542.959961,1589760000
6/19/02,1531.050049,1538.359985,1496.079956,1496.829956,1496.829956,1726700000
6/20/02,1494.800049,1503.01001,1461.589966,1464.75,1464.75,1709470000
6/21/02,1456.609985,1480.050049,1435.849976,1440.959961,1440.959961,1962900000
6/24/02,1429.560059,1476.560059,1414.689941,1460.339966,1460.339966,2050610000
6/25/02,1472.189941,1475.579956,1419.25,1423.98999,1423.98999,1880680000
6/26/02,1379.869995,1436.569946,1375.530029,1429.329956,1429.329956,2061740000
6/27/02,1446.369995,1459.410034,1412.959961,1459.199951,1459.199951,1942590000
6/28/02,1454.97998,1486.25,1454.709961,1463.209961,1463.209961,2575240000
7/1/02,1457.040039,1459.839966,1402.51001,1403.800049,1403.800049,2320650000
7/2/02,1395.369995,1396.25,1356.030029,1357.819946,1357.819946,2722550000
7/3/02,1348.609985,1380.380005,1336.060059,1380.170044,1380.170044,2661060000
7/5/02,1401.030029,1448.660034,1401.030029,1448.359985,1448.359985,1120960000
7/8/02,1439.849976,1452.560059,1401.280029,1405.609985,1405.609985,1708150000
7/9/02,1405.369995,1415.310059,1379.569946,1381.119995,1381.119995,1704220000
7/10/02,1396.670044,1396.949951,1345.219971,1346.01001,1346.01001,1846320000
7/11/02,1339.650024,1375.579956,1323.589966,1374.430054,1374.430054,2298330000
7/12/02,1391.300049,1402.449951,1363.109985,1373.5,1373.5,2009340000
7/15/02,1365.790039,1382.699951,1315.300049,1382.619995,1382.619995,2117700000
7/16/02,1371.910034,1407.589966,1364.880005,1375.26001,1375.26001,2379260000
7/17/02,1408.099976,1426.280029,1370.209961,1397.25,1397.25,2338390000
7/18/02,1390.410034,1395.290039,1356.800049,1356.949951,1356.949951,1842360000
7/19/02,1336.390015,1350.209961,1309.939941,1319.150024,1319.150024,2396800000
7/22/02,1309.839966,1332.099976,1272.459961,1282.650024,1282.650024,2014410000
7/23/02,1287.589966,1295.589966,1228.880005,1229.050049,1229.050049,2238890000
7/24/02,1203.880005,1290.400024,1192.420044,1290.22998,1290.22998,2167790000
7/25/02,1277.160034,1289.719971,1220.930054,1240.079956,1240.079956,2353210000
7/26/02,1250.719971,1264.670044,1234.459961,1262.119995,1262.119995,1691540000
7/29/02,1286.810059,1335.25,1286.540039,1335.25,1335.25,1944170000
7/30/02,1322.98999,1354.47998,1313.48999,1344.189941,1344.189941,1728270000
7/31/02,1331.819946,1335.790039,1307.01001,1328.26001,1328.26001,1633300000
8/1/02,1322.469971,1326.099976,1276.880005,1280,1280,1548860000
8/2/02,1279.099976,1282.060059,1235.569946,1247.920044,1247.920044,1419790000
8/5/02,1243.380005,1247.839966,1205.680054,1206.01001,1206.01001,1336720000
8/6/02,1224.800049,1279.569946,1224.800049,1259.550049,1259.550049,1535110000
8/7/02,1290.22998,1298.119995,1243.48999,1280.900024,1280.900024,1542880000
8/8/02,1278.339966,1316.52002,1263.310059,1316.52002,1316.52002,1523000000
8/9/02,1301.829956,1322.069946,1290.77002,1306.119995,1306.119995,1313750000
8/12/02,1293.880005,1311.430054,1286.910034,1306.839966,1306.839966,1054220000
8/13/02,1300.72998,1324.430054,1268.98999,1269.280029,1269.280029,1570660000
8/14/02,1273.939941,1334.310059,1265.189941,1334.300049,1334.300049,1629290000
8/15/02,1339.599976,1350.920044,1322.109985,1345.01001,1345.01001,1642850000
8/16/02,1333.26001,1368.689941,1325.98999,1361.01001,1361.01001,1389180000
8/19/02,1362.290039,1397.060059,1359.140015,1394.540039,1394.540039,1489490000
8/20/02,1384.469971,1389.839966,1370.97998,1376.589966,1376.589966,1396290000
8/21/02,1389.560059,1410.880005,1378.089966,1409.25,1409.25,1508530000
8/22/02,1410.75,1426.76001,1398.829956,1422.949951,1422.949951,1654080000
8/23/02,1411.75,1411.75,1377.640015,1380.619995,1380.619995,1365830000
8/26/02,1387.199951,1394.23999,1360.430054,1391.73999,1391.73999,1261360000
8/27/02,1395.040039,1396.400024,1346.209961,1347.780029,1347.780029,1432360000
8/28/02,1339.420044,1340.01001,1312.25,1314.380005,1314.380005,1351500000
8/29/02,1304.209961,1345.369995,1295.790039,1335.77002,1335.77002,1435190000
8/30/02,1326.050049,1337.920044,1314.689941,1314.849976,1314.849976,1089820000
9/3/02,1302.670044,1302.670044,1263.22998,1263.839966,1263.839966,1394260000
9/4/02,1268.650024,1294.650024,1261,1292.310059,1292.310059,1493510000
9/5/02,1274.76001,1274.76001,1251,1251,1251,1520290000
9/6/02,1280.27002,1304.02002,1280.27002,1295.300049,1295.300049,1320380000
9/9/02,1286.75,1310.329956,1270.72998,1304.599976,1304.599976,1247540000
9/10/02,1306.130005,1322.430054,1299.530029,1320.089966,1320.089966,1441490000
9/11/02,1328.349976,1347.27002,1314.959961,1315.449951,1315.449951,1075670000
9/12/02,1305.719971,1305.719971,1279.089966,1279.680054,1279.680054,1192760000
9/13/02,1272.939941,1292.359985,1270.589966,1291.400024,1291.400024,1265530000
9/16/02,1286.849976,1292.72998,1267.689941,1275.880005,1275.880005,1097330000
9/17/02,1292.910034,1298.5,1258.849976,1259.939941,1259.939941,1500330000
9/18/02,1244.52002,1263.900024,1233.079956,1252.130005,1252.130005,1570950000
9/19/02,1233.939941,1242.910034,1216.189941,1216.449951,1216.449951,1521130000
9/20/02,1229.469971,1232.959961,1216.23999,1221.089966,1221.089966,1796000000
9/23/02,1209.130005,1209.719971,1177.410034,1184.930054,1184.930054,1443330000
9/24/02,1170.949951,1200.449951,1169.040039,1182.170044,1182.170044,1666020000
9/25/02,1195.599976,1227.22998,1184.119995,1222.290039,1222.290039,1691640000
9/26/02,1231.849976,1239.619995,1206.910034,1221.609985,1221.609985,1664160000
9/27/02,1213.77002,1235.079956,1198.119995,1199.160034,1199.160034,1444460000
9/30/02,1187.47998,1190.73999,1160.069946,1172.060059,1172.060059,1682900000
10/1/02,1180.26001,1214.01001,1160.709961,1213.719971,1213.719971,1707860000
10/2/02,1208.030029,1222.719971,1183.76001,1187.300049,1187.300049,1763700000
10/3/02,1183.109985,1197.959961,1164.51001,1165.560059,1165.560059,1647320000
10/4/02,1174.579956,1175.75,1135.27002,1139.900024,1139.900024,1587030000
10/7/02,1135.790039,1145.790039,1113.359985,1119.400024,1119.400024,1409850000
10/8/02,1129.819946,1144.130005,1109.640015,1129.219971,1129.219971,1836990000
10/9/02,1117.140015,1135.890015,1112.079956,1114.109985,1114.109985,1755730000
10/10/02,1116.76001,1165.829956,1108.48999,1163.369995,1163.369995,1837940000
10/11/02,1179.900024,1220.119995,1179.900024,1210.469971,1210.469971,1915390000
10/14/02,1198.5,1221.599976,1193.420044,1220.530029,1220.530029,1204240000
10/15/02,1259.869995,1282.73999,1259.869995,1282.439941,1282.439941,2009640000
10/16/02,1239.540039,1253.609985,1229.060059,1232.420044,1232.420044,1585220000
10/17/02,1272.26001,1283.209961,1263.459961,1272.290039,1272.290039,1822740000
10/18/02,1270.130005,1288.079956,1253.439941,1287.859985,1287.859985,1665970000
10/21/02,1276.76001,1312.530029,1267.76001,1309.670044,1309.670044,1572970000
10/22/02,1285.540039,1307.599976,1280.660034,1292.800049,1292.800049,1723340000
10/23/02,1288.23999,1320.25,1279.459961,1320.22998,1320.22998,1598320000
10/24/02,1325.079956,1330.98999,1296.540039,1298.709961,1298.709961,1944060000
10/25/02,1297.329956,1331.329956,1297.170044,1331.130005,1331.130005,1470040000
10/28/02,1345.719971,1346.209961,1310.630005,1315.829956,1315.829956,1636190000
10/29/02,1313.140015,1318.930054,1279.189941,1300.540039,1300.540039,1598410000
10/30/02,1307.48999,1334.630005,1300.550049,1326.72998,1326.72998,1675530000
10/31/02,1330.72998,1347.579956,1323.089966,1329.75,1329.75,1761680000
11/1/02,1320.949951,1360.829956,1313.719971,1360.699951,1360.699951,1842870000
11/4/02,1394.569946,1420.030029,1388.680054,1396.540039,1396.540039,2372480000
11/5/02,1386.869995,1401.369995,1379.329956,1401.170044,1401.170044,1704780000
11/6/02,1408.219971,1419.040039,1386.52002,1418.98999,1418.98999,2189420000
11/7/02,1397.540039,1400.079956,1371.469971,1376.709961,1376.709961,1758820000
11/8/02,1376.369995,1389.77002,1354.280029,1359.280029,1359.280029,1603460000
11/11/02,1355.099976,1355.099976,1319.069946,1319.189941,1319.189941,1267420000
11/12/02,1328.079956,1367.969971,1328.079956,1349.560059,1349.560059,1559650000
11/13/02,1342.219971,1371.73999,1334.130005,1361.329956,1361.329956,1901380000
11/14/02,1378.939941,1411.630005,1378.939941,1411.52002,1411.52002,1756210000
11/15/02,1396.109985,1413.530029,1386.140015,1411.140015,1411.140015,1700890000
11/18/02,1422.540039,1425.420044,1393.660034,1393.689941,1393.689941,1766300000
11/19/02,1387.109985,1394.930054,1367.76001,1374.51001,1374.51001,1620330000
11/20/02,1375.689941,1419.640015,1375.410034,1419.349976,1419.349976,1771370000
11/21/02,1431.130005,1468.719971,1430.079956,1467.550049,1467.550049,2441730000
11/22/02,1453.050049,1475.349976,1449.5,1468.73999,1468.73999,1960160000
11/25/02,1470.640015,1486.939941,1461.130005,1481.900024,1481.900024,1952400000
11/26/02,1473.22998,1478.72998,1441.119995,1444.430054,1444.430054,1927670000
11/27/02,1463.27002,1491.449951,1462.619995,1487.939941,1487.939941,1734500000
11/29/02,1495.810059,1497.439941,1478.719971,1478.780029,1478.780029,841810000
12/2/02,1507.939941,1521.439941,1474.589966,1484.780029,1484.780029,1925550000
12/3/02,1474.689941,1474.689941,1445.22998,1448.959961,1448.959961,1651510000
12/4/02,1427.050049,1444.180054,1412.920044,1430.349976,1430.349976,1886070000
12/5/02,1444.73999,1445.949951,1410.579956,1410.75,1410.75,1462340000
12/6/02,1395.180054,1430.390015,1391.099976,1422.439941,1422.439941,1529800000
12/9/02,1411.400024,1411.400024,1367.069946,1367.140015,1367.140015,1496820000
12/10/02,1374.560059,1397.839966,1373.890015,1390.76001,1390.76001,1470250000
12/11/02,1382.099976,1407.150024,1377.709961,1396.589966,1396.589966,1423880000
12/12/02,1407.02002,1411.689941,1388.51001,1399.550049,1399.550049,1408220000
12/13/02,1387.709961,1387.709961,1362.420044,1362.420044,1362.420044,1371410000
12/16/02,1367.73999,1400.48999,1365.660034,1400.329956,1400.329956,1406210000
12/17/02,1396.329956,1408.160034,1385.369995,1392.050049,1392.050049,1336750000
12/18/02,1380.630005,1380.630005,1355.550049,1361.51001,1361.51001,1529600000
12/19/02,1358.609985,1384.579956,1346.180054,1354.099976,1354.099976,1654540000
12/20/02,1364.189941,1370.790039,1358.800049,1363.050049,1363.050049,1992120000
12/23/02,1359.920044,1384.290039,1358.290039,1381.689941,1381.689941,1193060000
12/24/02,1375.959961,1382.930054,1372.380005,1372.469971,1372.469971,523880000
12/26/02,1375.140015,1392.579956,1363.609985,1367.890015,1367.890015,812310000
12/27/02,1363.640015,1369.209961,1346.650024,1348.310059,1348.310059,804960000
12/30/02,1349.430054,1353.380005,1329.640015,1339.540039,1339.540039,1076580000
12/31/02,1336.829956,1345.109985,1327.189941,1335.51001,1335.51001,1166770000